"LBS College of Engineering, Kasaragod",,KSD
"Government Engineering College, Wayanad",,
"Sree Chitra Thirunal College of Engineering, Thiruvananthapuram",SCTCE,SCT
"Rajiv Gandhi Institute of Technology, Kottayam",,KTE
"CAT College of Architecture, Trivandrum",,
"Vedavyasa Institute of Technology, Malappuram",,
"TKM Institute of Technology, Kollam",,
"TKM College of Engineering, Kollam",,
"St Thomas Institute for Science and Technology, Thiruvananthapuram",,
"St Joseph's College of Engineering and Technology, Palai",,
"SNM Institute of Management and Technology, Ernakulam",,SNM
"North Malabar Institute of Technology, Kasaragod",,
"Mookambika Technical Campus, Ernakulam",,
"MET's School of Engineering, Thrissur",,
"M Dasan Institute of Technology, Kozhikode",,
"KVM College of Engineering and IT, Alappuzha",,
"KMP College of Engineering, Ernakulam",,
"Jyothi Engineering College, Thrissur",,JEC
"Jai Bharath College of Management and Engineering Technology, Perumbavoor",,
"ILM College of Engineering and Technology, Ernakulam",,
"Government Engineering College, Barton Hill, Thiruvananthapuram",,
"Government Engineering College, Thrissur",,
"Government Engineering College, Kozhikode",,KKE
"Government Engineering College, Idukki",,IDK
"Eranad Knowledge City Technical Campus, Malappuram",,EKC
"Cochin Institute of Science and Technology, Ernakulam",,
"Bishop Jerome School of Architecture and Design, Kollam",,
"Aryanet Institute of Technology, Palakkad",,
"Ahalia School of Engineering and Technology, Palakkad",,ATP
"Holy Grace Academy of Engineering, Mala",,
"Sree Narayana Guru Institute of Science and Technology, Ernakulam",,
"MG College of Engineering, Thiruvananthapuram",,
"Younus Institute of Technology, Kollam",,
"Younus College of Engineering, Kollam",,
"Younus College of Engineering and Technology, Kollam",,
"Viswajyothi College of Engineering and Technology, Ernakulam",VJCET,VJC
"Vimal Jyothi Engineering College, Kannur",,VML
"Vijnan Institute of Science and Technology, Ernakulam",,
"Vidya Academy of Science and Technology, Thrissur",VAST,VAS
"Valia Koonambaikulathamma College of Engineering and Technology, Trivandrum",,
"Universal Engineering College, Thrissur",,UNT
"UKF College of Engineering and Technology, Kollam",,UKP
"Trinity College of Engineering, Thiruvananthapuram",,TCT
"Travancore Engineering College, Kollam",,TEC
"Toc H Institute of Science and Technology, Ernakulam",,TOC
"Thejus Engineering College, Thrissur",,TJE
"St Thomas College of Engineering and Technology, Alappuzha",,
"Mahaguru Institute of Technology, Mavelikara",,
"Sreepathy Institute of Management and Technology, Palakkad",,SPT
"Sree Narayana Gurukulam College of Engineering, Ernakulam",,SNG
"Sree Narayana Guru College of Engineering and Technology, Kannur",,SNC
"ICCS College of Engineering and Management, Thrissur",,ECE
"Sree Buddha College of Engineering, Alappuzha",,SBC
"Sree Buddha College of Engineering, Pathanamthitta",,
"Shahul Hameed Memorial Engineering College, Kollam",,
"SCMS School of Engineering and Technology, Ernakulam",,SCM
"Sarabhai Institute of Science and Technology, Thiruvananthapuram",,SIT
"Saintgits College of Engineering, Kottayam",,MGP
"Sahrdaya College of Engineering and Technology, Thrissur",,SHR
"Sadguru Swami Nithyananda Institute of Technology, Kasaragod",,
"Royal College of Engineering and Technology, Thrissur",,RCE
"Rajagiri School of Engineering and Technology, Kochi",,
"Rajadhani Institute of Engineering and Technology, Thiruvananthapuram",,RIE
"PRS College of Engineering and Technology, Thiruvananthapuram",,
"Prime College of Engineering, Palakkad",,
"Pankajakasthuri College of Engineering and Technology, Thiruvananthapuram",,
"PA Aziz College of Engineering and Technology, Thiruvananthapuram",,
"NSS College of Engineering, Palakkad",NSSCE,
"Nirmala College of Engineering, Thrissur",,
"Muslim Association College of Engineering, Thiruvananthapuram",,MUS
"Musaliar College of Engineering and Technology, Pathanamthitta",,MCK
"Mount Zion Institute of Science and Technology, Alappuzha",,
"Mount Zion College of Engineering, Pathanamthitta",,MZC
"Mohandas College of Engineering and Technology, Thiruvananthapuram",MCET,MCT
"Government Model Engineering College, Thrikkakara",,
"MES Institute of Technology and Management, Kollam",,MEK
"MES College of Engineering, Malappuram",,
"MES College of Engineering and Technology, Kunnukara",,
"MEA Engineering College, Malappuram",,
"Marian Engineering College, Thiruvananthapuram",,MCE
"Mar Baselios Institute of Technology and Science, Ernakulam",,MBI
"Mar Baselios College of Engineering and Technology, Thiruvananthapuram",MBCET,MBT
"Mar Baselios Christian College of Engineering and Technology, Idukki",,
"Mar Athanasius College of Engineering, Kothamangalam",MACE,MAC
"Mangalam College of Engineering, Kottayam",,MLM
"Malabar Institute of Technology, Kannur",,MLT
"Malabar College of Engineering and Technology, Thrissur",,MEC
"Lourdes Matha College of Science and Technology, Thiruvananthapuram",LMCST,LMC
"LBS Institute of Technology for Women, Thiruvananthapuram",LBSITW,LBT
"Kottayam Institute of Technology and Science, Kottayam",,KIT
"KMEA Engineering College, Ernakulam",,
"KMCT College of Engineering for Women, Kozhikode",,KMW
"KMCT College of Engineering, Kozhikode",,KMC
"KR Gouri Amma College of Engineering, Alappuzha",,
"John Cox Memorial CSI Institute of Technology, Thiruvananthapuram",,JIT
"Jawaharlal College of Engineering and Technology, Palakkad",,
"Indira Gandhi Institute of Engineering and Technology, Ernakulam",,IGW
"Ilahia School of Science and Technology, Ernakulam",,
"Ilahia College of Engineering and Technology, Muvattupuzha",,
"IES College of Engineering, Thrissur",,IES
"Holy Kings College of Engineering and Technology, Ernakulam",,
"Hindustan College of Engineering, Kollam",,
"Heera College of Engineering and Technology, Thiruvananthapuram",,HCE
"Gurudeva Institute of Science and Technology, Kottayam",,
"Government Engineering College, Sreekrishnapuram",,
"Government College of Engineering, Kannur",,KNR
"Federal Institute of Science and Technology, Ernakulam",FISAT,FIT
"ER and DCI Institute of Technology, Thiruvananthapuram",,
"College of Engineering, Vadakara",,VDA
"College of Engineering, Thalassery",,
"College of Engineering, Pathanapuram",,
"College of Engineering, Cherthala",,CEC
"College of Engineering, Attingal",,CEA
"College of Engineering, Trivandrum",CET,TVE
"College of Engineering, Perumon",,
"College of Engineering, Munnar",,MNR
"College of Engineering, Kidangoor",,
"College of Engineering, Karunagappally",,
"College of Engineering, Chengannur",,
"College of Engineering and Management, Punnapra",,
"College of Engineering, Adoor",,ADR
"College of Engineering and Technology, Payyanur",,CEN
"College of Engineering, Kallooppara",,
"College of Engineering, Kottarakkara",,
"MGM Technological Campus, Malappuram",,CCV
"Christ Knowledge City, Ernakulam",,CKC
"Believers Church Caarmel Engineering College, Ranni",,
"Bishop Jerome Institute, Kollam",,BJK
"Baselios Thomas I Catholicose College of Engineering and Technology, Ernakulam",,
"Baselios Mathews II College of Engineering, Kollam",,BMC
"Axis College of Engineering and Technology, Thrissur",,
"AWH Engineering College, Kozhikode",,AWH
"Archana College of Engineering, Alappuzha",,
"Rajadhani Institute of Science and Technology, Palakkad",,AME
"Amal Jyothi College of Engineering, Kottayam",,AJC
"Albertian Institute of Science and Technology- Technical Campus, School of Engineering, Ernakulam",,
"Al-Ameen Engineering College, Palakkad",,AAP
"Al Azhar College of Engineering and Technology, Idukki",,
"Adi Shankara Institute of Engineering and Technology, Kalady",,
"University College of Engineering, Thodupuzha",,
"Musaliar College of Engineering, Thiruvananthapuram",,
"Pinnacle School of Engineering and Technology, Anchal",,
"Muthoot Institute of Technology and Science, Ernakulam",,
"FISAT Business School, Kochi",,
"College of Engineering, Aranmula",,
"St Gregorios College of Engineering, Perla",,
"St Thomas College of Engineering and Technology, Mattannur",,
"TOMS College of Engineering and Polytechnic, Mattakkara",,
"Focus Institute of Science and Technology, Poomala",,
"Carmel College of Engineering and Technology, Alappuzha",,
"Vidya Academy of Science and Technology - Technical Campus, Thiruvananthapuram",,
"Musaliar Institute of Management, Pathanamthitta",,
"Saintgits Institute of Management, Pathamuttom",,
"Christ College of Engineering, Thrissur",,CCE
"Providence College of Engineering, Alappuzha",,
"College of Engineering, Muttathara",,
"Saintgits Institute of Computer Applications, Kottayam",,
"MGM College of Engineering and Technology, Ernakulam",,
"Mount Zion Institute of Management, Kozhuvalloor",,
"Nirmala College of Management Studies, Chalakkudy",,
"DC School of Management and Technology, Thiruvananthapuram",,
"Carmel College, Muhamma",,
"Rajadhani Institute of Hotel Management and Catering Technology, Thiruvananthapuram",,
"Indira Gandhi Institute of Polytechnic and Engineering, Ernakulam",,
"Kerala State Institute of Design, Kollam",,
"KMCT Institute of Emerging Technology and Management, Kozhikode",,
"KMCT College of Hotel Management and Catering Technology, Malappuram",,
"South Park Institute of Hotel Management, Thiruvananthapuram",,
"DC School of Architecture and Design, Thiruvananthapuram",,
"KMCT Institute of Technology and Management, Malappuram",,
"Saintgits Design School, Kottayam",,
"Kuniya College of Management and IT, Kasaragod",,
"KMCT College of Technology and Management, Vadakara",,
"KMCT Institute of Engineering and Management, Malappuram",,
"KMCT College of Engineering and Management, Kasargod",,
"KMCT College of Engineering For Emerging Technologies and Management, Perinthalmanna",,
"Nehru College of Engineering and Research Centre, Thrissur",,NCE
"College of Engineering, Trikaripur",,TKR
"College of Engineering, Poonjar",,
"Rajadhani Business School, Thiruvananthapuram",,
